{"data":[{"marker":{"color":[9.449999809265137,9.300000190734863,9.199999809265137,8.319999694824219,8.799999237060547,8.744444847106934,8.699999809265137,8.600000381469727,8.600000381469727,8.600000381469727,8.485713958740234,8.475000381469727,8.449999809265137,8.369231224060059,8.350000381469727,8.326666831970215,8.322221755981445,8.305000305175781,8.300000190734863,7.400000095367432,8.28749942779541,8.199999809265137,8.155555725097656,8.149999618530273,8.14285659790039,8.125,8.100000381469727,8.100000381469727,7.900000095367432,7.900000095367432,7.883333206176758,7.849999904632568,7.849999904632568,7.828571319580078,7.724999904632568,7.699999809265137,7.600000381469727,7.599999904632568,7.5,7.5,7.400000095367432,7.3333330154418945,7.324999809265137,6.800000190734863]},"text":["9.449999809265137","9.300000190734863","9.199999809265137","8.319999694824219","8.799999237060547","8.744444847106934","8.699999809265137","8.600000381469727","8.600000381469727","8.600000381469727","8.485713958740234","8.475000381469727","8.449999809265137","8.369231224060059","8.350000381469727","8.326666831970215","8.322221755981445","8.305000305175781","8.300000190734863","7.400000095367432","8.28749942779541","8.199999809265137","8.155555725097656","8.149999618530273","8.14285659790039","8.125","8.100000381469727","8.100000381469727","7.900000095367432","7.900000095367432","7.883333206176758","7.849999904632568","7.849999904632568","7.828571319580078","7.724999904632568","7.699999809265137","7.600000381469727","7.599999904632568","7.5","7.5","7.400000095367432","7.3333330154418945","7.324999809265137","6.800000190734863"],"texttemplate":"%{text:.3s}","x":["Greg Daniels ","Paul Lieberstein ","Jennifer Celotta ","Lee Eisenberg ","Steve Carell","Greg Daniels","Justin Spitzer ","Jon Vitti","Lester Lewis","Michael Schur ","Michael Schur","Gene Stupnitsky ","Ryan Koh","Paul Lieberstein","Niki Schwartz-Wright","B. J. Novak","Brent Forrester","Mindy Kaling","Brent Forrester ","Ricky Gervais ","Jennifer Celotta","Caroline Williams","Justin Spitzer","Anthony Q. Farrell","Daniel Chun","Warren Lieberstein ","Halsted Sullivan ","Larry Wilmore","Graham Wagner","Tim McAuliffe","Aaron Shure","Dan Sterling","Robert Padnick","Charlie Grandy","Carrie Kemper","Dan Greaney","Jonathan Green ","Jonathan Hughes","Amelie Gillette","Steve Hely","Peter Ocko","Allison Silverman","Owen Ellickson","Jason Kessler"],"y":[9.449999809265137,9.300000190734863,9.199999809265137,8.319999694824219,8.799999237060547,8.744444847106934,8.699999809265137,8.600000381469727,8.600000381469727,8.600000381469727,8.485713958740234,8.475000381469727,8.449999809265137,8.369231224060059,8.350000381469727,8.326666831970215,8.322221755981445,8.305000305175781,8.300000190734863,7.400000095367432,8.28749942779541,8.199999809265137,8.155555725097656,8.149999618530273,8.14285659790039,8.125,8.100000381469727,8.100000381469727,7.900000095367432,7.900000095367432,7.883333206176758,7.849999904632568,7.849999904632568,7.828571319580078,7.724999904632568,7.699999809265137,7.600000381469727,7.599999904632568,7.5,7.5,7.400000095367432,7.3333330154418945,7.324999809265137,6.800000190734863],"type":"bar"}],"layout":{"title":{"text":"Average Rating for episodes writen by each writer"},"xaxis":{"title":{"text":"Writer"}},"yaxis":{"title":{"text":"Average IMDb Rating"}},"template":{"data":{"bar":[{"error_x":{"color":"#2a3f5f"},"error_y":{"color":"#2a3f5f"},"marker":{"line":{"color":"#E5ECF6","width":0.5},"pattern":{"fillmode":"overlay","size":10,"solidity":0.2}},"type":"bar"}],"barpolar":[{"marker":{"line":{"color":"#E5ECF6","width":0.5},"pattern":{"fillmode":"overlay","size":10,"solidity":0.2}},"type":"barpolar"}],"carpet":[{"aaxis":{"endlinecolor":"#2a3f5f","gridcolor":"white","linecolor":"white","minorgridcolor":"white","startlinecolor":"#2a3f5f"},"baxis":{"endlinecolor":"#2a3f5f","gridcolor":"white","linecolor":"white","minorgridcolor":"white","startlinecolor":"#2a3f5f"},"type":"carpet"}],"choropleth":[{"colorbar":{"outlinewidth":0,"ticks":""},"type":"choropleth"}],"contour":[{"colorbar":{"outlinewidth":0,"ticks":""},"colorscale":[[0.0,"#0d0887"],[0.1111111111111111,"#46039f"],[0.2222222222222222,"#7201a8"],[0.3333333333333333,"#9c179e"],[0.4444444444444444,"#bd3786"],[0.5555555555555556,"#d8576b"],[0.6666666666666666,"#ed7953"],[0.7777777777777778,"#fb9f3a"],[0.8888888888888888,"#fdca26"],[1.0,"#f0f921"]],"type":"contour"}],"contourcarpet":[{"colorbar":{"outlinewidth":0,"ticks":""},"type":"contourcarpet"}],"heatmap":[{"colorbar":{"outlinewidth":0,"ticks":""},"colorscale":[[0.0,"#0d0887"],[0.1111111111111111,"#46039f"],[0.2222222222222222,"#7201a8"],[0.3333333333333333,"#9c179e"],[0.4444444444444444,"#bd3786"],[0.5555555555555556,"#d8576b"],[0.6666666666666666,"#ed7953"],[0.7777777777777778,"#fb9f3a"],[0.8888888888888888,"#fdca26"],[1.0,"#f0f921"]],"type":"heatmap"}],"heatmapgl":[{"colorbar":{"outlinewidth":0,"ticks":""},"colorscale":[[0.0,"#0d0887"],[0.1111111111111111,"#46039f"],[0.2222222222222222,"#7201a8"],[0.3333333333333333,"#9c179e"],[0.4444444444444444,"#bd3786"],[0.5555555555555556,"#d8576b"],[0.6666666666666666,"#ed7953"],[0.7777777777777778,"#fb9f3a"],[0.8888888888888888,"#fdca26"],[1.0,"#f0f921"]],"type":"heatmapgl"}],"histogram":[{"marker":{"pattern":{"fillmode":"overlay","size":10,"solidity":0.2}},"type":"histogram"}],"histogram2d":[{"colorbar":{"outlinewidth":0,"ticks":""},"colorscale":[[0.0,"#0d0887"],[0.1111111111111111,"#46039f"],[0.2222222222222222,"#7201a8"],[0.3333333333333333,"#9c179e"],[0.4444444444444444,"#bd3786"],[0.5555555555555556,"#d8576b"],[0.6666666666666666,"#ed7953"],[0.7777777777777778,"#fb9f3a"],[0.8888888888888888,"#fdca26"],[1.0,"#f0f921"]],"type":"histogram2d"}],"histogram2dcontour":[{"colorbar":{"outlinewidth":0,"ticks":""},"colorscale":[[0.0,"#0d0887"],[0.1111111111111111,"#46039f"],[0.2222222222222222,"#7201a8"],[0.3333333333333333,"#9c179e"],[0.4444444444444444,"#bd3786"],[0.5555555555555556,"#d8576b"],[0.6666666666666666,"#ed7953"],[0.7777777777777778,"#fb9f3a"],[0.8888888888888888,"#fdca26"],[1.0,"#f0f921"]],"type":"histogram2dcontour"}],"mesh3d":[{"colorbar":{"outlinewidth":0,"ticks":""},"type":"mesh3d"}],"parcoords":[{"line":{"colorbar":{"outlinewidth":0,"ticks":""}},"type":"parcoords"}],"pie":[{"automargin":true,"type":"pie"}],"scatter":[{"marker":{"colorbar":{"outlinewidth":0,"ticks":""}},"type":"scatter"}],"scatter3d":[{"line":{"colorbar":{"outlinewidth":0,"ticks":""}},"marker":{"colorbar":{"outlinewidth":0,"ticks":""}},"type":"scatter3d"}],"scattercarpet":[{"marker":{"colorbar":{"outlinewidth":0,"ticks":""}},"type":"scattercarpet"}],"scattergeo":[{"marker":{"colorbar":{"outlinewidth":0,"ticks":""}},"type":"scattergeo"}],"scattergl":[{"marker":{"colorbar":{"outlinewidth":0,"ticks":""}},"type":"scattergl"}],"scattermapbox":[{"marker":{"colorbar":{"outlinewidth":0,"ticks":""}},"type":"scattermapbox"}],"scatterpolar":[{"marker":{"colorbar":{"outlinewidth":0,"ticks":""}},"type":"scatterpolar"}],"scatterpolargl":[{"marker":{"colorbar":{"outlinewidth":0,"ticks":""}},"type":"scatterpolargl"}],"scatterternary":[{"marker":{"colorbar":{"outlinewidth":0,"ticks":""}},"type":"scatterternary"}],"surface":[{"colorbar":{"outlinewidth":0,"ticks":""},"colorscale":[[0.0,"#0d0887"],[0.1111111111111111,"#46039f"],[0.2222222222222222,"#7201a8"],[0.3333333333333333,"#9c179e"],[0.4444444444444444,"#bd3786"],[0.5555555555555556,"#d8576b"],[0.6666666666666666,"#ed7953"],[0.7777777777777778,"#fb9f3a"],[0.8888888888888888,"#fdca26"],[1.0,"#f0f921"]],"type":"surface"}],"table":[{"cells":{"fill":{"color":"#EBF0F8"},"line":{"color":"white"}},"header":{"fill":{"color":"#C8D4E3"},"line":{"color":"white"}},"type":"table"}]},"layout":{"annotationdefaults":{"arrowcolor":"#2a3f5f","arrowhead":0,"arrowwidth":1},"autotypenumbers":"strict","coloraxis":{"colorbar":{"outlinewidth":0,"ticks":""}},